"Example","Chapter","Book Section","Output Type","Book Value","Package Value","Difference","Status","Diagnosis","Action Taken"
"Exam8.1",8,"8.4.2","Type III a F","14.94","14.942827","0.002827","EXACT","Balanced Gaussian factorial matches the printed GLIMMIX fixed-effect test.","Fitted stats::lm(y ~ a * b) and extracted stats::anova."
"Exam8.1",8,"8.4.2","Type III a p","0.0011","0.001133","3.3e-05","EXACT","Balanced Gaussian factorial matches the printed GLIMMIX fixed-effect test.","Fitted stats::lm(y ~ a * b) and extracted stats::anova."
"Exam8.1",8,"8.4.2","Type III b F","11.5","11.496559","0.003441","EXACT","Balanced Gaussian factorial matches the printed GLIMMIX fixed-effect test.","Fitted stats::lm(y ~ a * b) and extracted stats::anova."
"Exam8.1",8,"8.4.2","Type III b p","6e-04","0.000607","7e-06","EXACT","Balanced Gaussian factorial matches the printed GLIMMIX fixed-effect test.","Fitted stats::lm(y ~ a * b) and extracted stats::anova."
"Exam8.1",8,"8.4.2","Type III a:b F","6.02","6.023822","0.003822","EXACT","Balanced Gaussian factorial matches the printed GLIMMIX fixed-effect test.","Fitted stats::lm(y ~ a * b) and extracted stats::anova."
"Exam8.1",8,"8.4.2","Type III a:b p","0.0099","0.009935","3.5e-05","EXACT","Balanced Gaussian factorial matches the printed GLIMMIX fixed-effect test.","Fitted stats::lm(y ~ a * b) and extracted stats::anova."
"Exam8.1",8,"8.4.2","a0 b0 LSMean","50.5","50.5","0","EXACT","Matches printed a*b least-squares mean.","Extracted emmeans::emmeans(fit, ~ a * b)."
"Exam8.1",8,"8.4.2","a0 b0 LSMean SE","2.5611","2.56106","4e-05","EXACT","Matches printed a*b least-squares mean standard error.","Extracted emmeans::emmeans(fit, ~ a * b)."
"Exam8.1",8,"8.4.2","a0 b1 LSMean","59.75","59.75","0","EXACT","Matches printed a*b least-squares mean.","Extracted emmeans::emmeans(fit, ~ a * b)."
"Exam8.1",8,"8.4.2","a0 b1 LSMean SE","2.5611","2.56106","4e-05","EXACT","Matches printed a*b least-squares mean standard error.","Extracted emmeans::emmeans(fit, ~ a * b)."
"Exam8.1",8,"8.4.2","a0 b2 LSMean","71.5","71.5","0","EXACT","Matches printed a*b least-squares mean.","Extracted emmeans::emmeans(fit, ~ a * b)."
"Exam8.1",8,"8.4.2","a0 b2 LSMean SE","2.5611","2.56106","4e-05","EXACT","Matches printed a*b least-squares mean standard error.","Extracted emmeans::emmeans(fit, ~ a * b)."
"Exam8.1",8,"8.4.2","a1 b0 LSMean","67.75","67.75","0","EXACT","Matches printed a*b least-squares mean.","Extracted emmeans::emmeans(fit, ~ a * b)."
"Exam8.1",8,"8.4.2","a1 b0 LSMean SE","2.5611","2.56106","4e-05","EXACT","Matches printed a*b least-squares mean standard error.","Extracted emmeans::emmeans(fit, ~ a * b)."
"Exam8.1",8,"8.4.2","a1 b1 LSMean","67.25","67.25","0","EXACT","Matches printed a*b least-squares mean.","Extracted emmeans::emmeans(fit, ~ a * b)."
"Exam8.1",8,"8.4.2","a1 b1 LSMean SE","2.5611","2.56106","4e-05","EXACT","Matches printed a*b least-squares mean standard error.","Extracted emmeans::emmeans(fit, ~ a * b)."
"Exam8.1",8,"8.4.2","a1 b2 LSMean","71","71","0","EXACT","Matches printed a*b least-squares mean.","Extracted emmeans::emmeans(fit, ~ a * b)."
"Exam8.1",8,"8.4.2","a1 b2 LSMean SE","2.5611","2.56106","4e-05","EXACT","Matches printed a*b least-squares mean standard error.","Extracted emmeans::emmeans(fit, ~ a * b)."
"Exam8.1",8,"8.4.2","B simple-effect slice within a0 F","16.89","16.888","0.002","EXACT","Matches the printed SLICE test for B within A.","Extracted emmeans::joint_tests(fit, by = 'a')."
"Exam8.1",8,"8.4.2","B simple-effect slice within a0 p","1e-04","7.4e-05","2.6e-05","EXACT","Book reports <.0001 as an upper bound where applicable.","Extracted emmeans::joint_tests(fit, by = 'a')."
"Exam8.1",8,"8.4.2","B simple-effect slice within a1 F","0.63","0.632","0.002","EXACT","Matches the printed SLICE test for B within A.","Extracted emmeans::joint_tests(fit, by = 'a')."
"Exam8.1",8,"8.4.2","B simple-effect slice within a1 p","0.5429","0.542877","2.3e-05","EXACT","Book reports <.0001 as an upper bound where applicable.","Extracted emmeans::joint_tests(fit, by = 'a')."
"Exam8.1",8,"8.4.2","a0 b0 - b1 simple-effect diff","-9.25","-9.25","0","EXACT","Matches the printed SLICEDIFF treatment contrast.","Extracted pairwise emmeans contrasts for b within a."
"Exam8.1",8,"8.4.2","a0 b0 - b1 simple-effect diff SE","3.6219","3.621886","1.4e-05","EXACT","Matches the printed SLICEDIFF treatment-contrast standard error.","Extracted pairwise emmeans contrasts for b within a."
"Exam8.1",8,"8.4.2","a0 b0 - b1 simple-effect diff p","0.0199","0.019936","3.6e-05","EXACT","Book reports <.0001 as an upper bound where applicable.","Extracted pairwise emmeans contrasts for b within a."
"Exam8.1",8,"8.4.3","a0 b0 - b1 Bonferroni adjusted p","0.0598","0.059807","7e-06","EXACT","Matches the printed Bonferroni-adjusted SLICEDIFF output.","Extracted pairwise emmeans contrasts with adjust = 'bonferroni'."
"Exam8.1",8,"8.4.2","a0 b0 - b2 simple-effect diff","-21","-21","0","EXACT","Matches the printed SLICEDIFF treatment contrast.","Extracted pairwise emmeans contrasts for b within a."
"Exam8.1",8,"8.4.2","a0 b0 - b2 simple-effect diff SE","3.6219","3.621886","1.4e-05","EXACT","Matches the printed SLICEDIFF treatment-contrast standard error.","Extracted pairwise emmeans contrasts for b within a."
"Exam8.1",8,"8.4.2","a0 b0 - b2 simple-effect diff p","1e-04","1.7e-05","8.3e-05","EXACT","Book reports <.0001 as an upper bound where applicable.","Extracted pairwise emmeans contrasts for b within a."
"Exam8.1",8,"8.4.3","a0 b0 - b2 Bonferroni adjusted p","1e-04","5.1e-05","4.9e-05","EXACT","Matches the printed Bonferroni-adjusted SLICEDIFF output.","Extracted pairwise emmeans contrasts with adjust = 'bonferroni'."
"Exam8.1",8,"8.4.2","a0 b1 - b2 simple-effect diff","-11.75","-11.75","0","EXACT","Matches the printed SLICEDIFF treatment contrast.","Extracted pairwise emmeans contrasts for b within a."
"Exam8.1",8,"8.4.2","a0 b1 - b2 simple-effect diff SE","3.6219","3.621886","1.4e-05","EXACT","Matches the printed SLICEDIFF treatment-contrast standard error.","Extracted pairwise emmeans contrasts for b within a."
"Exam8.1",8,"8.4.2","a0 b1 - b2 simple-effect diff p","0.0045","0.004503","3e-06","EXACT","Book reports <.0001 as an upper bound where applicable.","Extracted pairwise emmeans contrasts for b within a."
"Exam8.1",8,"8.4.3","a0 b1 - b2 Bonferroni adjusted p","0.0135","0.013509","9e-06","EXACT","Matches the printed Bonferroni-adjusted SLICEDIFF output.","Extracted pairwise emmeans contrasts with adjust = 'bonferroni'."
"Exam8.1",8,"8.4.2","a1 b0 - b1 simple-effect diff","0.5","0.5","0","EXACT","Matches the printed SLICEDIFF treatment contrast.","Extracted pairwise emmeans contrasts for b within a."
"Exam8.1",8,"8.4.2","a1 b0 - b1 simple-effect diff SE","3.6219","3.621886","1.4e-05","EXACT","Matches the printed SLICEDIFF treatment-contrast standard error.","Extracted pairwise emmeans contrasts for b within a."
"Exam8.1",8,"8.4.2","a1 b0 - b1 simple-effect diff p","0.8917","0.891734","3.4e-05","EXACT","Book reports <.0001 as an upper bound where applicable.","Extracted pairwise emmeans contrasts for b within a."
"Exam8.1",8,"8.4.3","a1 b0 - b1 Bonferroni adjusted p","1","1","0","EXACT","Matches the printed Bonferroni-adjusted SLICEDIFF output.","Extracted pairwise emmeans contrasts with adjust = 'bonferroni'."
"Exam8.1",8,"8.4.2","a1 b0 - b2 simple-effect diff","-3.25","-3.25","0","EXACT","Matches the printed SLICEDIFF treatment contrast.","Extracted pairwise emmeans contrasts for b within a."
"Exam8.1",8,"8.4.2","a1 b0 - b2 simple-effect diff SE","3.6219","3.621886","1.4e-05","EXACT","Matches the printed SLICEDIFF treatment-contrast standard error.","Extracted pairwise emmeans contrasts for b within a."
"Exam8.1",8,"8.4.2","a1 b0 - b2 simple-effect diff p","0.3814","0.381392","8e-06","EXACT","Book reports <.0001 as an upper bound where applicable.","Extracted pairwise emmeans contrasts for b within a."
"Exam8.1",8,"8.4.3","a1 b0 - b2 Bonferroni adjusted p","1","1","0","EXACT","Matches the printed Bonferroni-adjusted SLICEDIFF output.","Extracted pairwise emmeans contrasts with adjust = 'bonferroni'."
"Exam8.1",8,"8.4.2","a1 b1 - b2 simple-effect diff","-3.75","-3.75","0","EXACT","Matches the printed SLICEDIFF treatment contrast.","Extracted pairwise emmeans contrasts for b within a."
"Exam8.1",8,"8.4.2","a1 b1 - b2 simple-effect diff SE","3.6219","3.621886","1.4e-05","EXACT","Matches the printed SLICEDIFF treatment-contrast standard error.","Extracted pairwise emmeans contrasts for b within a."
"Exam8.1",8,"8.4.2","a1 b1 - b2 simple-effect diff p","0.3142","0.314206","6e-06","EXACT","Book reports <.0001 as an upper bound where applicable.","Extracted pairwise emmeans contrasts for b within a."
"Exam8.1",8,"8.4.3","a1 b1 - b2 Bonferroni adjusted p","0.9426","0.942617","1.7e-05","EXACT","Matches the printed Bonferroni-adjusted SLICEDIFF output.","Extracted pairwise emmeans contrasts with adjust = 'bonferroni'."
"Exam8.2",8,"8.5.2.2.1","Unequal-slopes model trt F","3.01","3.009116","0.000884","EXACT","Matches the printed preliminary ANCOVA equal-slopes test.","Fitted stats::lm(y ~ trt * x) and extracted car::Anova(type = 'III')."
"Exam8.2",8,"8.5.2.2.1","Unequal-slopes model trt p","0.0722","0.072245","4.5e-05","EXACT","Book reports <.0001 as an upper bound where applicable.","Fitted stats::lm(y ~ trt * x) and extracted car::Anova(type = 'III')."
"Exam8.2",8,"8.5.2.2.1","Unequal-slopes model x F","60.82","60.822207","0.002207","EXACT","Matches the printed preliminary ANCOVA equal-slopes test.","Fitted stats::lm(y ~ trt * x) and extracted car::Anova(type = 'III')."
"Exam8.2",8,"8.5.2.2.1","Unequal-slopes model x p","1e-04","5e-06","9.5e-05","EXACT","Book reports <.0001 as an upper bound where applicable.","Fitted stats::lm(y ~ trt * x) and extracted car::Anova(type = 'III')."
"Exam8.2",8,"8.5.2.2.1","Unequal-slopes model trt:x F","1.41","1.406248","0.003752","EXACT","Matches the printed preliminary ANCOVA equal-slopes test.","Fitted stats::lm(y ~ trt * x) and extracted car::Anova(type = 'III')."
"Exam8.2",8,"8.5.2.2.1","Unequal-slopes model trt:x p","0.2889","0.28893","3e-05","EXACT","Book reports <.0001 as an upper bound where applicable.","Fitted stats::lm(y ~ trt * x) and extracted car::Anova(type = 'III')."
"Exam8.2",8,"8.5.2.2.1","Equal-slopes model trt F","15.14","15.138328","0.001672","EXACT","Matches the printed equal-slopes ANCOVA fixed-effect test.","Fitted stats::lm(y ~ trt + x) and extracted car::Anova(type = 'III')."
"Exam8.2",8,"8.5.2.2.1","Equal-slopes model trt p","1e-04","8.3e-05","1.7e-05","EXACT","Book reports <.0001 as an upper bound.","Fitted stats::lm(y ~ trt + x) and extracted car::Anova(type = 'III')."
"Exam8.2",8,"8.5.2.2.1","Equal-slopes model x F","81.6","81.59879","0.00121","EXACT","Matches the printed equal-slopes ANCOVA fixed-effect test.","Fitted stats::lm(y ~ trt + x) and extracted car::Anova(type = 'III')."
"Exam8.2",8,"8.5.2.2.1","Equal-slopes model x p","1e-04","0","1e-04","EXACT","Book reports <.0001 as an upper bound.","Fitted stats::lm(y ~ trt + x) and extracted car::Anova(type = 'III')."
"Exam8.2",8,"8.5.2.2.1","Adjusted trt 1 LSMean","47.712","47.71196","4e-05","EXACT","Matches the printed ANCOVA covariate-adjusted LSMean.","Extracted emmeans::emmeans(fit, ~ trt)."
"Exam8.2",8,"8.5.2.2.1","Adjusted trt 1 LSMean SE","1.1746","1.174576","2.4e-05","EXACT","Matches the printed ANCOVA covariate-adjusted LSMean standard error.","Extracted emmeans::emmeans(fit, ~ trt)."
"Exam8.2",8,"8.5.2.2.1","Adjusted trt 2 LSMean","54.5984","54.598418","1.8e-05","EXACT","Matches the printed ANCOVA covariate-adjusted LSMean.","Extracted emmeans::emmeans(fit, ~ trt)."
"Exam8.2",8,"8.5.2.2.1","Adjusted trt 2 LSMean SE","1.1944","1.194427","2.7e-05","EXACT","Matches the printed ANCOVA covariate-adjusted LSMean standard error.","Extracted emmeans::emmeans(fit, ~ trt)."
"Exam8.2",8,"8.5.2.2.1","Adjusted trt 3 LSMean","44.8822","44.882216","1.6e-05","EXACT","Matches the printed ANCOVA covariate-adjusted LSMean.","Extracted emmeans::emmeans(fit, ~ trt)."
"Exam8.2",8,"8.5.2.2.1","Adjusted trt 3 LSMean SE","1.2303","1.230341","4.1e-05","EXACT","Matches the printed ANCOVA covariate-adjusted LSMean standard error.","Extracted emmeans::emmeans(fit, ~ trt)."
"Exam8.2",8,"8.5.2.2.1","Adjusted trt 4 LSMean","53.1131","53.113085","1.5e-05","EXACT","Matches the printed ANCOVA covariate-adjusted LSMean.","Extracted emmeans::emmeans(fit, ~ trt)."
"Exam8.2",8,"8.5.2.2.1","Adjusted trt 4 LSMean SE","1.2639","1.263859","4.1e-05","EXACT","Matches the printed ANCOVA covariate-adjusted LSMean standard error.","Extracted emmeans::emmeans(fit, ~ trt)."
"Exam8.2",8,"8.5.2.2.1","Unadjusted trt F","3.2","3.197229","0.002771","EXACT","Matches the printed model that omits the covariate.","Fitted stats::lm(y ~ trt) and extracted car::Anova(type = 'III')."
"Exam8.2",8,"8.5.2.2.1","Unadjusted trt p","0.0518","0.051827","2.7e-05","EXACT","Matches the printed model that omits the covariate.","Fitted stats::lm(y ~ trt) and extracted car::Anova(type = 'III')."
"Exam8.2",8,"8.5.2.2.1","Unadjusted trt 1 LSMean","45.7127","45.712685","1.5e-05","EXACT","Matches the printed unadjusted treatment mean.","Extracted emmeans::emmeans(fit, ~ trt)."
"Exam8.2",8,"8.5.2.2.1","Unadjusted trt 1 LSMean SE","2.8344","2.834373","2.7e-05","EXACT","Matches the printed unadjusted treatment-mean standard error.","Extracted emmeans::emmeans(fit, ~ trt)."
"Exam8.2",8,"8.5.2.2.1","Unadjusted trt 2 LSMean","57.3974","57.397403","3e-06","EXACT","Matches the printed unadjusted treatment mean.","Extracted emmeans::emmeans(fit, ~ trt)."
"Exam8.2",8,"8.5.2.2.1","Unadjusted trt 2 LSMean SE","2.8344","2.834373","2.7e-05","EXACT","Matches the printed unadjusted treatment-mean standard error.","Extracted emmeans::emmeans(fit, ~ trt)."
"Exam8.2",8,"8.5.2.2.1","Unadjusted trt 3 LSMean","48.7475","48.747481","1.9e-05","EXACT","Matches the printed unadjusted treatment mean.","Extracted emmeans::emmeans(fit, ~ trt)."
"Exam8.2",8,"8.5.2.2.1","Unadjusted trt 3 LSMean SE","2.8344","2.834373","2.7e-05","EXACT","Matches the printed unadjusted treatment-mean standard error.","Extracted emmeans::emmeans(fit, ~ trt)."
"Exam8.2",8,"8.5.2.2.1","Unadjusted trt 4 LSMean","48.4481","48.448109","9e-06","EXACT","Matches the printed unadjusted treatment mean.","Extracted emmeans::emmeans(fit, ~ trt)."
"Exam8.2",8,"8.5.2.2.1","Unadjusted trt 4 LSMean SE","2.8344","2.834373","2.7e-05","EXACT","Matches the printed unadjusted treatment-mean standard error.","Extracted emmeans::emmeans(fit, ~ trt)."
"Exam8.2",8,"8.5.2.2.1","Equal-slopes covariate coefficient","-2.67","-2.6657","0.0043","EXACT","Matches the text-reported covariate regression coefficient after rounding.","Extracted stats::coef from stats::lm(y ~ trt + x)."
"Exam8.3",8,"8.5.2.2.2","Unequal-slopes model trt F","6.62","6.621206","0.001206","EXACT","Matches the printed unequal-slopes ANCOVA type-III table.","Fitted stats::lm(y ~ trt * x) and extracted car::Anova(type = 'III')."
"Exam8.3",8,"8.5.2.2.2","Unequal-slopes model trt p","0.0069","0.006881","1.9e-05","EXACT","Book reports <.0001 as an upper bound where applicable.","Fitted stats::lm(y ~ trt * x) and extracted car::Anova(type = 'III')."
"Exam8.3",8,"8.5.2.2.2","Unequal-slopes model x F","94.9","94.901943","0.001943","EXACT","Matches the printed unequal-slopes ANCOVA type-III table.","Fitted stats::lm(y ~ trt * x) and extracted car::Anova(type = 'III')."
"Exam8.3",8,"8.5.2.2.2","Unequal-slopes model x p","1e-04","0","1e-04","EXACT","Book reports <.0001 as an upper bound where applicable.","Fitted stats::lm(y ~ trt * x) and extracted car::Anova(type = 'III')."
"Exam8.3",8,"8.5.2.2.2","Unequal-slopes model trt:x F","8.4","8.400549","0.000549","EXACT","Matches the printed unequal-slopes ANCOVA type-III table.","Fitted stats::lm(y ~ trt * x) and extracted car::Anova(type = 'III')."
"Exam8.3",8,"8.5.2.2.2","Unequal-slopes model trt:x p","0.0028","0.002809","9e-06","EXACT","Book reports <.0001 as an upper bound where applicable.","Fitted stats::lm(y ~ trt * x) and extracted car::Anova(type = 'III')."
"Exam8.3",8,"8.5.2.2.2","Treatment test at covariate mean F","7.53","7.532","0.002","EXACT","Matches the printed treatment test at Xbar = 9.65.","Extracted emmeans::joint_tests from stats::lm(y ~ trt * x)."
"Exam8.3",8,"8.5.2.2.2","Treatment test at covariate mean p","0.0043","0.004279","2.1e-05","EXACT","Matches the printed treatment test at Xbar = 9.65.","Extracted emmeans::joint_tests from stats::lm(y ~ trt * x)."
"Exam8.3",8,"8.5.2.2.2","trt1 regression coefficient","52.294","52.293956","4.4e-05","EXACT","Matches the printed no-intercept treatment-specific ANCOVA solution.","Fitted stats::lm(y ~ 0 + trt / x)."
"Exam8.3",8,"8.5.2.2.2","trt1 coefficient SE","6.8869","6.886914","1.4e-05","EXACT","Matches the printed no-intercept treatment-specific ANCOVA solution standard error.","Fitted stats::lm(y ~ 0 + trt / x)."
"Exam8.3",8,"8.5.2.2.2","trt2 regression coefficient","74.2824","74.282403","3e-06","EXACT","Matches the printed no-intercept treatment-specific ANCOVA solution.","Fitted stats::lm(y ~ 0 + trt / x)."
"Exam8.3",8,"8.5.2.2.2","trt2 coefficient SE","4.4731","4.473068","3.2e-05","EXACT","Matches the printed no-intercept treatment-specific ANCOVA solution standard error.","Fitted stats::lm(y ~ 0 + trt / x)."
"Exam8.3",8,"8.5.2.2.2","trt3 regression coefficient","78.2623","78.262257","4.3e-05","EXACT","Matches the printed no-intercept treatment-specific ANCOVA solution.","Fitted stats::lm(y ~ 0 + trt / x)."
"Exam8.3",8,"8.5.2.2.2","trt3 coefficient SE","4.8592","4.85915","5e-05","EXACT","Matches the printed no-intercept treatment-specific ANCOVA solution standard error.","Fitted stats::lm(y ~ 0 + trt / x)."
"Exam8.3",8,"8.5.2.2.2","trt4 regression coefficient","56.8222","56.822178","2.2e-05","EXACT","Matches the printed no-intercept treatment-specific ANCOVA solution.","Fitted stats::lm(y ~ 0 + trt / x)."
"Exam8.3",8,"8.5.2.2.2","trt4 coefficient SE","3.7134","3.713377","2.3e-05","EXACT","Matches the printed no-intercept treatment-specific ANCOVA solution standard error.","Fitted stats::lm(y ~ 0 + trt / x)."
"Exam8.3",8,"8.5.2.2.2","trt1:x regression coefficient","-0.6754","-0.675435","3.5e-05","EXACT","Matches the printed no-intercept treatment-specific ANCOVA solution.","Fitted stats::lm(y ~ 0 + trt / x)."
"Exam8.3",8,"8.5.2.2.2","trt1:x coefficient SE","0.8921","0.892075","2.5e-05","EXACT","Matches the printed no-intercept treatment-specific ANCOVA solution standard error.","Fitted stats::lm(y ~ 0 + trt / x)."
"Exam8.3",8,"8.5.2.2.2","trt2:x regression coefficient","-3.7459","-3.745856","4.4e-05","EXACT","Matches the printed no-intercept treatment-specific ANCOVA solution.","Fitted stats::lm(y ~ 0 + trt / x)."
"Exam8.3",8,"8.5.2.2.2","trt2:x coefficient SE","0.5007","0.50073","3e-05","EXACT","Matches the printed no-intercept treatment-specific ANCOVA solution standard error.","Fitted stats::lm(y ~ 0 + trt / x)."
"Exam8.3",8,"8.5.2.2.2","trt3:x regression coefficient","-4.4552","-4.455206","6e-06","EXACT","Matches the printed no-intercept treatment-specific ANCOVA solution.","Fitted stats::lm(y ~ 0 + trt / x)."
"Exam8.3",8,"8.5.2.2.2","trt3:x coefficient SE","0.4278","0.427824","2.4e-05","EXACT","Matches the printed no-intercept treatment-specific ANCOVA solution standard error.","Fitted stats::lm(y ~ 0 + trt / x)."
"Exam8.3",8,"8.5.2.2.2","trt4:x regression coefficient","-2.3346","-2.334571","2.9e-05","EXACT","Matches the printed no-intercept treatment-specific ANCOVA solution.","Fitted stats::lm(y ~ 0 + trt / x)."
"Exam8.3",8,"8.5.2.2.2","trt4:x coefficient SE","0.308","0.307955","4.5e-05","EXACT","Matches the printed no-intercept treatment-specific ANCOVA solution standard error.","Fitted stats::lm(y ~ 0 + trt / x)."
"Exam8.3",8,"8.5.2.2.2","trt 1 at x=7 LSMean","47.5659","47.56591","1e-05","EXACT","Matches the printed treatment mean at the specified covariate value.","Extracted emmeans::emmeans(fit, ~ trt | x, at = list(x = c(7, 12)))."
"Exam8.3",8,"8.5.2.2.2","trt 1 at x=7 LSMean SE","1.3232","1.323162","3.8e-05","EXACT","Matches the printed treatment-mean standard error at the specified covariate value.","Extracted emmeans::emmeans(fit, ~ trt | x, at = list(x = c(7, 12)))."
"Exam8.3",8,"8.5.2.2.2","trt 2 at x=7 LSMean","48.0614","48.061411","1.1e-05","EXACT","Matches the printed treatment mean at the specified covariate value.","Extracted emmeans::emmeans(fit, ~ trt | x, at = list(x = c(7, 12)))."
"Exam8.3",8,"8.5.2.2.2","trt 2 at x=7 LSMean SE","1.4513","1.451255","4.5e-05","EXACT","Matches the printed treatment-mean standard error at the specified covariate value.","Extracted emmeans::emmeans(fit, ~ trt | x, at = list(x = c(7, 12)))."
"Exam8.3",8,"8.5.2.2.2","trt 3 at x=7 LSMean","47.0758","47.075813","1.3e-05","EXACT","Matches the printed treatment mean at the specified covariate value.","Extracted emmeans::emmeans(fit, ~ trt | x, at = list(x = c(7, 12)))."
"Exam8.3",8,"8.5.2.2.2","trt 3 at x=7 LSMean SE","2.0959","2.095903","3e-06","EXACT","Matches the printed treatment-mean standard error at the specified covariate value.","Extracted emmeans::emmeans(fit, ~ trt | x, at = list(x = c(7, 12)))."
"Exam8.3",8,"8.5.2.2.2","trt 4 at x=7 LSMean","40.4802","40.480179","2.1e-05","EXACT","Matches the printed treatment mean at the specified covariate value.","Extracted emmeans::emmeans(fit, ~ trt | x, at = list(x = c(7, 12)))."
"Exam8.3",8,"8.5.2.2.2","trt 4 at x=7 LSMean SE","1.8167","1.816672","2.8e-05","EXACT","Matches the printed treatment-mean standard error at the specified covariate value.","Extracted emmeans::emmeans(fit, ~ trt | x, at = list(x = c(7, 12)))."
"Exam8.3",8,"8.5.2.2.2","trt 1 at x=12 LSMean","44.1887","44.188735","3.5e-05","EXACT","Matches the printed treatment mean at the specified covariate value.","Extracted emmeans::emmeans(fit, ~ trt | x, at = list(x = c(7, 12)))."
"Exam8.3",8,"8.5.2.2.2","trt 1 at x=12 LSMean SE","4.1074","4.107423","2.3e-05","EXACT","Matches the printed treatment-mean standard error at the specified covariate value.","Extracted emmeans::emmeans(fit, ~ trt | x, at = list(x = c(7, 12)))."
"Exam8.3",8,"8.5.2.2.2","trt 2 at x=12 LSMean","29.3321","29.332131","3.1e-05","EXACT","Matches the printed treatment mean at the specified covariate value.","Extracted emmeans::emmeans(fit, ~ trt | x, at = list(x = c(7, 12)))."
"Exam8.3",8,"8.5.2.2.2","trt 2 at x=12 LSMean SE","2.0887","2.088712","1.2e-05","EXACT","Matches the printed treatment-mean standard error at the specified covariate value.","Extracted emmeans::emmeans(fit, ~ trt | x, at = list(x = c(7, 12)))."
"Exam8.3",8,"8.5.2.2.2","trt 3 at x=12 LSMean","24.7998","24.799781","1.9e-05","EXACT","Matches the printed treatment mean at the specified covariate value.","Extracted emmeans::emmeans(fit, ~ trt | x, at = list(x = c(7, 12)))."
"Exam8.3",8,"8.5.2.2.2","trt 3 at x=12 LSMean SE","1.2835","1.283473","2.7e-05","EXACT","Matches the printed treatment-mean standard error at the specified covariate value.","Extracted emmeans::emmeans(fit, ~ trt | x, at = list(x = c(7, 12)))."
"Exam8.3",8,"8.5.2.2.2","trt 4 at x=12 LSMean","28.8073","28.807322","2.2e-05","EXACT","Matches the printed treatment mean at the specified covariate value.","Extracted emmeans::emmeans(fit, ~ trt | x, at = list(x = c(7, 12)))."
"Exam8.3",8,"8.5.2.2.2","trt 4 at x=12 LSMean SE","1.2241","1.224096","4e-06","EXACT","Matches the printed treatment-mean standard error at the specified covariate value.","Extracted emmeans::emmeans(fit, ~ trt | x, at = list(x = c(7, 12)))."
"Exam8.6",8,"8.6.2.1","Hoerl response-surface figure-derived numeric values","figure only","not available","","UNVERIF","The 2024 2nd edition presents the Hoerl and Gompertz fits graphically without a printed coefficient or fit-statistic table.","Verified that the package fits the linearized Hoerl structure response ~ x1 * x2 + logx1 * logx2; no numerical comparison is claimed."
"Exam8.7",8,"8.6.2.2","a F","15.16","0.404143","14.755857","MISMATCH","Software limitation: the package currently uses an ordinary lm B-spline basis, whereas the book reports a GLIMMIX smoothing-spline EFFECT fit.","Re-fit current package spline implementation and retained the numerical mismatch explicitly."
"Exam8.7",8,"8.6.2.2","a p","1e-04","0.525543","0.525443","MISMATCH","Software limitation: the package currently uses an ordinary lm B-spline basis, whereas the book reports a GLIMMIX smoothing-spline EFFECT fit.","Re-fit current package spline implementation and retained the numerical mismatch explicitly."
"Exam8.7",8,"8.6.2.2","spline_x F","430.68","405.726845","24.953155","MISMATCH","Software limitation: the package currently uses an ordinary lm B-spline basis, whereas the book reports a GLIMMIX smoothing-spline EFFECT fit.","Re-fit current package spline implementation and retained the numerical mismatch explicitly."
"Exam8.7",8,"8.6.2.2","spline_x p","1e-04","0","1e-04","EXACT","Software limitation: the package currently uses an ordinary lm B-spline basis, whereas the book reports a GLIMMIX smoothing-spline EFFECT fit.","Re-fit current package spline implementation and retained the numerical mismatch explicitly."
"Exam8.7",8,"8.6.2.2","spline_x*a F","31.18","26.445477","4.734523","MISMATCH","Software limitation: the package currently uses an ordinary lm B-spline basis, whereas the book reports a GLIMMIX smoothing-spline EFFECT fit.","Re-fit current package spline implementation and retained the numerical mismatch explicitly."
"Exam8.7",8,"8.6.2.2","spline_x*a p","1e-04","0","1e-04","EXACT","Software limitation: the package currently uses an ordinary lm B-spline basis, whereas the book reports a GLIMMIX smoothing-spline EFFECT fit.","Re-fit current package spline implementation and retained the numerical mismatch explicitly."
"Exam9.1",9,"9.4.1","Block(set) VC","60.5495","60.549501","1e-06","EXACT","Matches printed GLIMMIX covariance parameter estimate.","Fitted lmerTest::lmer(y ~ set + set:trt + (1 | set:block))."
"Exam9.1",9,"9.4.1","Residual variance","22.7507","22.750666","3.4e-05","EXACT","Matches printed GLIMMIX covariance parameter estimate.","Fitted lmerTest::lmer(y ~ set + set:trt + (1 | set:block))."
"Exam9.1",9,"9.4.1","Set F","0.04","2.409407","2.369407","MISMATCH","MISMATCH: lmerTest reports a non-estimability-sensitive type-III test for the rank-deficient nested treatment parameterization; the book also calls this an uninteresting hypothesis.","Retained mismatch; treatment nested means, variance components, and pairwise comparisons reproduce exactly."
"Exam9.1",9,"9.4.1","Set p","0.8509","0.147295","0.703605","MISMATCH","MISMATCH: lmerTest reports a non-estimability-sensitive type-III test for the rank-deficient nested treatment parameterization; the book also calls this an uninteresting hypothesis.","Retained mismatch; treatment nested means, variance components, and pairwise comparisons reproduce exactly."
"Exam9.1",9,"9.4.1","trt(set) F","4.91","4.913512","0.003512","EXACT","Matches printed nested-treatment fixed-effect test.","Extracted Kenward-Roger ANOVA from lmerTest."
"Exam9.1",9,"9.4.1","trt(set) p","0.0089","0.008898","2e-06","EXACT","Matches printed nested-treatment fixed-effect test.","Extracted Kenward-Roger ANOVA from lmerTest."
"Exam9.1",9,"9.4.1","trt simple-effect slice set 0 F","0.03","0.03","0","EXACT","Package labels sets/trt one unit higher than the book; numerical slice test matches after label mapping.","Computed explicit joint emmeans contrasts within each set."
"Exam9.1",9,"9.4.1","trt simple-effect slice set 0 p","0.9709","0.970919","1.9e-05","EXACT","Package labels sets/trt one unit higher than the book; numerical slice test matches after label mapping.","Computed explicit joint emmeans contrasts within each set."
"Exam9.1",9,"9.4.1","trt simple-effect slice set 1 F","9.8","9.797","0.003","EXACT","Package labels sets/trt one unit higher than the book; numerical slice test matches after label mapping.","Computed explicit joint emmeans contrasts within each set."
"Exam9.1",9,"9.4.1","trt simple-effect slice set 1 p","0.0017","0.001667","3.3e-05","EXACT","Package labels sets/trt one unit higher than the book; numerical slice test matches after label mapping.","Computed explicit joint emmeans contrasts within each set."
"Exam9.1",9,"9.4.1","set 0 trt 0 LSMean","8.2","8.2","0","EXACT","Package labels sets/trt one unit higher than the book; LSMean matches after label mapping.","Extracted emmeans::emmeans(fit, ~ trt | set)."
"Exam9.1",9,"9.4.1","set 0 trt 0 LSMean SE","4.0817","4.08167","3e-05","EXACT","Package labels sets/trt one unit higher than the book; LSMean SE matches after label mapping.","Extracted emmeans::emmeans(fit, ~ trt | set)."
"Exam9.1",9,"9.4.1","set 0 trt 1 LSMean","8.9","8.9","0","EXACT","Package labels sets/trt one unit higher than the book; LSMean matches after label mapping.","Extracted emmeans::emmeans(fit, ~ trt | set)."
"Exam9.1",9,"9.4.1","set 0 trt 1 LSMean SE","4.0817","4.08167","3e-05","EXACT","Package labels sets/trt one unit higher than the book; LSMean SE matches after label mapping.","Extracted emmeans::emmeans(fit, ~ trt | set)."
"Exam9.1",9,"9.4.1","set 0 trt 2 LSMean","8.74","8.74","0","EXACT","Package labels sets/trt one unit higher than the book; LSMean matches after label mapping.","Extracted emmeans::emmeans(fit, ~ trt | set)."
"Exam9.1",9,"9.4.1","set 0 trt 2 LSMean SE","4.0817","4.08167","3e-05","EXACT","Package labels sets/trt one unit higher than the book; LSMean SE matches after label mapping.","Extracted emmeans::emmeans(fit, ~ trt | set)."
"Exam9.1",9,"9.4.1","set 1 trt 3 LSMean","4.44","4.44","0","EXACT","Package labels sets/trt one unit higher than the book; LSMean matches after label mapping.","Extracted emmeans::emmeans(fit, ~ trt | set)."
"Exam9.1",9,"9.4.1","set 1 trt 3 LSMean SE","4.0817","4.08167","3e-05","EXACT","Package labels sets/trt one unit higher than the book; LSMean SE matches after label mapping.","Extracted emmeans::emmeans(fit, ~ trt | set)."
"Exam9.1",9,"9.4.1","set 1 trt 4 LSMean","7.28","7.28","0","EXACT","Package labels sets/trt one unit higher than the book; LSMean matches after label mapping.","Extracted emmeans::emmeans(fit, ~ trt | set)."
"Exam9.1",9,"9.4.1","set 1 trt 4 LSMean SE","4.0817","4.08167","3e-05","EXACT","Package labels sets/trt one unit higher than the book; LSMean SE matches after label mapping.","Extracted emmeans::emmeans(fit, ~ trt | set)."
"Exam9.1",9,"9.4.1","set 1 trt 5 LSMean","17.16","17.16","0","EXACT","Package labels sets/trt one unit higher than the book; LSMean matches after label mapping.","Extracted emmeans::emmeans(fit, ~ trt | set)."
"Exam9.1",9,"9.4.1","set 1 trt 5 LSMean SE","4.0817","4.08167","3e-05","EXACT","Package labels sets/trt one unit higher than the book; LSMean SE matches after label mapping.","Extracted emmeans::emmeans(fit, ~ trt | set)."
"Exam9.1",9,"9.4.1","set 0 trt0 - trt1 diff","-0.7","-0.7","0","EXACT","Package labels sets/trt one unit higher than the book; pairwise contrast matches after label mapping.","Extracted pairwise emmeans contrasts within set."
"Exam9.1",9,"9.4.1","set 0 trt0 - trt1 diff SE","3.0167","3.016665","3.5e-05","EXACT","Package labels sets/trt one unit higher than the book; pairwise contrast SE matches after label mapping.","Extracted pairwise emmeans contrasts within set."
"Exam9.1",9,"9.4.1","set 0 trt0 - trt1 diff p","0.8194","0.819445","4.5e-05","EXACT","Package labels sets/trt one unit higher than the book; pairwise contrast p-value matches after label mapping.","Extracted pairwise emmeans contrasts within set."
"Exam9.1",9,"9.4.1","set 0 trt0 - trt2 diff","-0.54","-0.54","0","EXACT","Package labels sets/trt one unit higher than the book; pairwise contrast matches after label mapping.","Extracted pairwise emmeans contrasts within set."
"Exam9.1",9,"9.4.1","set 0 trt0 - trt2 diff SE","3.0167","3.016665","3.5e-05","EXACT","Package labels sets/trt one unit higher than the book; pairwise contrast SE matches after label mapping.","Extracted pairwise emmeans contrasts within set."
"Exam9.1",9,"9.4.1","set 0 trt0 - trt2 diff p","0.8602","0.86018","2e-05","EXACT","Package labels sets/trt one unit higher than the book; pairwise contrast p-value matches after label mapping.","Extracted pairwise emmeans contrasts within set."
"Exam9.1",9,"9.4.1","set 0 trt1 - trt2 diff","0.16","0.16","0","EXACT","Package labels sets/trt one unit higher than the book; pairwise contrast matches after label mapping.","Extracted pairwise emmeans contrasts within set."
"Exam9.1",9,"9.4.1","set 0 trt1 - trt2 diff SE","3.0167","3.016665","3.5e-05","EXACT","Package labels sets/trt one unit higher than the book; pairwise contrast SE matches after label mapping.","Extracted pairwise emmeans contrasts within set."
"Exam9.1",9,"9.4.1","set 0 trt1 - trt2 diff p","0.9584","0.958358","4.2e-05","EXACT","Package labels sets/trt one unit higher than the book; pairwise contrast p-value matches after label mapping.","Extracted pairwise emmeans contrasts within set."
"Exam9.1",9,"9.4.1","set 1 trt3 - trt4 diff","-2.84","-2.84","0","EXACT","Package labels sets/trt one unit higher than the book; pairwise contrast matches after label mapping.","Extracted pairwise emmeans contrasts within set."
"Exam9.1",9,"9.4.1","set 1 trt3 - trt4 diff SE","3.0167","3.016665","3.5e-05","EXACT","Package labels sets/trt one unit higher than the book; pairwise contrast SE matches after label mapping.","Extracted pairwise emmeans contrasts within set."
"Exam9.1",9,"9.4.1","set 1 trt3 - trt4 diff p","0.3605","0.360479","2.1e-05","EXACT","Package labels sets/trt one unit higher than the book; pairwise contrast p-value matches after label mapping.","Extracted pairwise emmeans contrasts within set."
"Exam9.1",9,"9.4.1","set 1 trt3 - trt5 diff","-12.72","-12.72","0","EXACT","Package labels sets/trt one unit higher than the book; pairwise contrast matches after label mapping.","Extracted pairwise emmeans contrasts within set."
"Exam9.1",9,"9.4.1","set 1 trt3 - trt5 diff SE","3.0167","3.016665","3.5e-05","EXACT","Package labels sets/trt one unit higher than the book; pairwise contrast SE matches after label mapping.","Extracted pairwise emmeans contrasts within set."
"Exam9.1",9,"9.4.1","set 1 trt3 - trt5 diff p","7e-04","0.000655","4.5e-05","EXACT","Package labels sets/trt one unit higher than the book; pairwise contrast p-value matches after label mapping.","Extracted pairwise emmeans contrasts within set."
"Exam9.1",9,"9.4.1","set 1 trt4 - trt5 diff","-9.88","-9.88","0","EXACT","Package labels sets/trt one unit higher than the book; pairwise contrast matches after label mapping.","Extracted pairwise emmeans contrasts within set."
"Exam9.1",9,"9.4.1","set 1 trt4 - trt5 diff SE","3.0167","3.016665","3.5e-05","EXACT","Package labels sets/trt one unit higher than the book; pairwise contrast SE matches after label mapping.","Extracted pairwise emmeans contrasts within set."
"Exam9.1",9,"9.4.1","set 1 trt4 - trt5 diff p","0.0048","0.004762","3.8e-05","EXACT","Package labels sets/trt one unit higher than the book; pairwise contrast p-value matches after label mapping.","Extracted pairwise emmeans contrasts within set."
"Exam9.2",9,"9.4.1","Intercept Block VC","2.6345","2.635049","0.000549","EXACT","Matches printed incomplete strip-plot covariance parameter estimate within R/SAS rounding.","Fitted lmerTest::lmer with block, block:a, and block:b random intercepts."
"Exam9.2",9,"9.4.1","a Block VC","9.7784","9.778637","0.000237","EXACT","Matches printed incomplete strip-plot covariance parameter estimate within R/SAS rounding.","Fitted lmerTest::lmer with block, block:a, and block:b random intercepts."
"Exam9.2",9,"9.4.1","b Block VC","8.1609","8.160536","0.000364","EXACT","Matches printed incomplete strip-plot covariance parameter estimate within R/SAS rounding.","Fitted lmerTest::lmer with block, block:a, and block:b random intercepts."
"Exam9.2",9,"9.4.1","Residual variance","2.2451","2.245048","5.2e-05","EXACT","Matches printed incomplete strip-plot covariance parameter estimate within R/SAS rounding.","Fitted lmerTest::lmer with block, block:a, and block:b random intercepts."
"Exam9.2",9,"9.4.1","a F","6.59","6.617257","0.027257","APPROX","Kenward-Roger implementation differs slightly between lmerTest and SAS GLIMMIX; retained exact/approx classification by tolerance.","Fitted lmerTest::lmer and extracted Kenward-Roger ANOVA."
"Exam9.2",9,"9.4.1","a p","0.0184","0.017504","0.000896","EXACT","Kenward-Roger implementation differs slightly between lmerTest and SAS GLIMMIX; retained exact/approx classification by tolerance.","Fitted lmerTest::lmer and extracted Kenward-Roger ANOVA."
"Exam9.2",9,"9.4.1","b F","2.31","2.324043","0.014043","APPROX","Kenward-Roger implementation differs slightly between lmerTest and SAS GLIMMIX; retained exact/approx classification by tolerance.","Fitted lmerTest::lmer and extracted Kenward-Roger ANOVA."
"Exam9.2",9,"9.4.1","b p","0.1589","0.156808","0.002092","EXACT","Kenward-Roger implementation differs slightly between lmerTest and SAS GLIMMIX; retained exact/approx classification by tolerance.","Fitted lmerTest::lmer and extracted Kenward-Roger ANOVA."
"Exam9.2",9,"9.4.1","a:b F","10.56","10.547449","0.012551","APPROX","Kenward-Roger implementation differs slightly between lmerTest and SAS GLIMMIX; retained exact/approx classification by tolerance.","Fitted lmerTest::lmer and extracted Kenward-Roger ANOVA."
"Exam9.2",9,"9.4.1","a:b p","0.007","0.007533","0.000533","EXACT","Kenward-Roger implementation differs slightly between lmerTest and SAS GLIMMIX; retained exact/approx classification by tolerance.","Fitted lmerTest::lmer and extracted Kenward-Roger ANOVA."
"Exam9.2",9,"9.4.1","a1 b1 LSMean","21.2455","21.245545","4.5e-05","EXACT","Matches printed incomplete strip-plot LSMean.","Extracted emmeans::emmeans(fit, ~ a * b)."
"Exam9.2",9,"9.4.1","a1 b1 LSMean SE","2.1866","2.182805","0.003795","EXACT","Small SE difference is attributable to lmerTest/SAS Kenward-Roger implementation details.","Extracted emmeans::emmeans(fit, ~ a * b)."
"Exam9.2",9,"9.4.1","a1 b2 LSMean","30.4307","30.430755","5.5e-05","EXACT","Matches printed incomplete strip-plot LSMean.","Extracted emmeans::emmeans(fit, ~ a * b)."
"Exam9.2",9,"9.4.1","a1 b2 LSMean SE","2.1866","2.182805","0.003795","EXACT","Small SE difference is attributable to lmerTest/SAS Kenward-Roger implementation details.","Extracted emmeans::emmeans(fit, ~ a * b)."
"Exam9.2",9,"9.4.1","a1 b3 LSMean","28.1994","28.199342","5.8e-05","EXACT","Matches printed incomplete strip-plot LSMean.","Extracted emmeans::emmeans(fit, ~ a * b)."
"Exam9.2",9,"9.4.1","a1 b3 LSMean SE","2.1866","2.182805","0.003795","EXACT","Small SE difference is attributable to lmerTest/SAS Kenward-Roger implementation details.","Extracted emmeans::emmeans(fit, ~ a * b)."
"Exam9.2",9,"9.4.1","a2 b1 LSMean","22.2115","22.211531","3.1e-05","EXACT","Matches printed incomplete strip-plot LSMean.","Extracted emmeans::emmeans(fit, ~ a * b)."
"Exam9.2",9,"9.4.1","a2 b1 LSMean SE","2.1866","2.182805","0.003795","EXACT","Small SE difference is attributable to lmerTest/SAS Kenward-Roger implementation details.","Extracted emmeans::emmeans(fit, ~ a * b)."
"Exam9.2",9,"9.4.1","a2 b2 LSMean","28.4077","28.407723","2.3e-05","EXACT","Matches printed incomplete strip-plot LSMean.","Extracted emmeans::emmeans(fit, ~ a * b)."
"Exam9.2",9,"9.4.1","a2 b2 LSMean SE","2.1866","2.182805","0.003795","EXACT","Small SE difference is attributable to lmerTest/SAS Kenward-Roger implementation details.","Extracted emmeans::emmeans(fit, ~ a * b)."
"Exam9.2",9,"9.4.1","a2 b3 LSMean","26.9061","26.906067","3.3e-05","EXACT","Matches printed incomplete strip-plot LSMean.","Extracted emmeans::emmeans(fit, ~ a * b)."
"Exam9.2",9,"9.4.1","a2 b3 LSMean SE","2.1866","2.182805","0.003795","EXACT","Small SE difference is attributable to lmerTest/SAS Kenward-Roger implementation details.","Extracted emmeans::emmeans(fit, ~ a * b)."
"Exam9.2",9,"9.4.1","a3 b1 LSMean","21.1293","21.129339","3.9e-05","EXACT","Matches printed incomplete strip-plot LSMean.","Extracted emmeans::emmeans(fit, ~ a * b)."
"Exam9.2",9,"9.4.1","a3 b1 LSMean SE","2.1866","2.182805","0.003795","EXACT","Small SE difference is attributable to lmerTest/SAS Kenward-Roger implementation details.","Extracted emmeans::emmeans(fit, ~ a * b)."
"Exam9.2",9,"9.4.1","a3 b2 LSMean","18.4717","18.471693","7e-06","EXACT","Matches printed incomplete strip-plot LSMean.","Extracted emmeans::emmeans(fit, ~ a * b)."
"Exam9.2",9,"9.4.1","a3 b2 LSMean SE","2.1866","2.182805","0.003795","EXACT","Small SE difference is attributable to lmerTest/SAS Kenward-Roger implementation details.","Extracted emmeans::emmeans(fit, ~ a * b)."
"Exam9.2",9,"9.4.1","a3 b3 LSMean","18.5231","18.523004","9.6e-05","EXACT","Matches printed incomplete strip-plot LSMean.","Extracted emmeans::emmeans(fit, ~ a * b)."
"Exam9.2",9,"9.4.1","a3 b3 LSMean SE","2.1866","2.182805","0.003795","EXACT","Small SE difference is attributable to lmerTest/SAS Kenward-Roger implementation details.","Extracted emmeans::emmeans(fit, ~ a * b)."
"Exam9.2",9,"9.4.1","a1 b1 - b2 diff","-9.1852","-9.18521","1e-05","EXACT","Matches printed incomplete strip-plot simple-effect comparison.","Extracted pairwise emmeans contrasts for b within a."
"Exam9.2",9,"9.4.1","a1 b1 - b2 diff SE","2.3411","2.335117","0.005983","EXACT","Small SE difference is attributable to lmerTest/SAS Kenward-Roger implementation details.","Extracted pairwise emmeans contrasts for b within a."
"Exam9.2",9,"9.4.1","a1 b1 - b2 diff p","0.0019","0.001737","0.000163","EXACT","Small p-value difference is attributable to lmerTest/SAS Kenward-Roger implementation details.","Extracted pairwise emmeans contrasts for b within a."
"Exam9.2",9,"9.4.1","a1 b1 - b3 diff","-6.9539","-6.953797","0.000103","EXACT","Matches printed incomplete strip-plot simple-effect comparison.","Extracted pairwise emmeans contrasts for b within a."
"Exam9.2",9,"9.4.1","a1 b1 - b3 diff SE","2.3411","2.335117","0.005983","EXACT","Small SE difference is attributable to lmerTest/SAS Kenward-Roger implementation details.","Extracted pairwise emmeans contrasts for b within a."
"Exam9.2",9,"9.4.1","a1 b1 - b3 diff p","0.0112","0.010758","0.000442","EXACT","Small p-value difference is attributable to lmerTest/SAS Kenward-Roger implementation details.","Extracted pairwise emmeans contrasts for b within a."
"Exam9.2",9,"9.4.1","a1 b2 - b3 diff","2.2313","2.231413","0.000113","EXACT","Matches printed incomplete strip-plot simple-effect comparison.","Extracted pairwise emmeans contrasts for b within a."
"Exam9.2",9,"9.4.1","a1 b2 - b3 diff SE","2.3411","2.335117","0.005983","EXACT","Small SE difference is attributable to lmerTest/SAS Kenward-Roger implementation details.","Extracted pairwise emmeans contrasts for b within a."
"Exam9.2",9,"9.4.1","a1 b2 - b3 diff p","0.3585","0.35684","0.00166","EXACT","Small p-value difference is attributable to lmerTest/SAS Kenward-Roger implementation details.","Extracted pairwise emmeans contrasts for b within a."
"Exam9.2",9,"9.4.1","a2 b1 - b2 diff","-6.1962","-6.196191","9e-06","EXACT","Matches printed incomplete strip-plot simple-effect comparison.","Extracted pairwise emmeans contrasts for b within a."
"Exam9.2",9,"9.4.1","a2 b1 - b2 diff SE","2.3411","2.335117","0.005983","EXACT","Small SE difference is attributable to lmerTest/SAS Kenward-Roger implementation details.","Extracted pairwise emmeans contrasts for b within a."
"Exam9.2",9,"9.4.1","a2 b1 - b2 diff p","0.0206","0.019983","0.000617","EXACT","Small p-value difference is attributable to lmerTest/SAS Kenward-Roger implementation details.","Extracted pairwise emmeans contrasts for b within a."
"Exam9.2",9,"9.4.1","a2 b1 - b3 diff","-4.6946","-4.694536","6.4e-05","EXACT","Matches printed incomplete strip-plot simple-effect comparison.","Extracted pairwise emmeans contrasts for b within a."
"Exam9.2",9,"9.4.1","a2 b1 - b3 diff SE","2.3411","2.335117","0.005983","EXACT","Small SE difference is attributable to lmerTest/SAS Kenward-Roger implementation details.","Extracted pairwise emmeans contrasts for b within a."
"Exam9.2",9,"9.4.1","a2 b1 - b3 diff p","0.067","0.065767","0.001233","EXACT","Small p-value difference is attributable to lmerTest/SAS Kenward-Roger implementation details.","Extracted pairwise emmeans contrasts for b within a."
"Exam9.2",9,"9.4.1","a2 b2 - b3 diff","1.5016","1.501655","5.5e-05","EXACT","Matches printed incomplete strip-plot simple-effect comparison.","Extracted pairwise emmeans contrasts for b within a."
"Exam9.2",9,"9.4.1","a2 b2 - b3 diff SE","2.3411","2.335117","0.005983","EXACT","Small SE difference is attributable to lmerTest/SAS Kenward-Roger implementation details.","Extracted pairwise emmeans contrasts for b within a."
"Exam9.2",9,"9.4.1","a2 b2 - b3 diff p","0.5328","0.531437","0.001363","EXACT","Small p-value difference is attributable to lmerTest/SAS Kenward-Roger implementation details.","Extracted pairwise emmeans contrasts for b within a."
"Exam9.2",9,"9.4.1","a3 b1 - b2 diff","2.6577","2.657646","5.4e-05","EXACT","Matches printed incomplete strip-plot simple-effect comparison.","Extracted pairwise emmeans contrasts for b within a."
"Exam9.2",9,"9.4.1","a3 b1 - b2 diff SE","2.3411","2.335117","0.005983","EXACT","Small SE difference is attributable to lmerTest/SAS Kenward-Roger implementation details.","Extracted pairwise emmeans contrasts for b within a."
"Exam9.2",9,"9.4.1","a3 b1 - b2 diff p","0.2775","0.27576","0.00174","EXACT","Small p-value difference is attributable to lmerTest/SAS Kenward-Roger implementation details.","Extracted pairwise emmeans contrasts for b within a."
"Exam9.2",9,"9.4.1","a3 b1 - b3 diff","2.6063","2.606335","3.5e-05","EXACT","Matches printed incomplete strip-plot simple-effect comparison.","Extracted pairwise emmeans contrasts for b within a."
"Exam9.2",9,"9.4.1","a3 b1 - b3 diff SE","2.3411","2.335117","0.005983","EXACT","Small SE difference is attributable to lmerTest/SAS Kenward-Roger implementation details.","Extracted pairwise emmeans contrasts for b within a."
"Exam9.2",9,"9.4.1","a3 b1 - b3 diff p","0.2865","0.284713","0.001787","EXACT","Small p-value difference is attributable to lmerTest/SAS Kenward-Roger implementation details.","Extracted pairwise emmeans contrasts for b within a."
"Exam9.2",9,"9.4.1","a3 b2 - b3 diff","-0.05138","-0.051311","6.9e-05","EXACT","Matches printed incomplete strip-plot simple-effect comparison.","Extracted pairwise emmeans contrasts for b within a."
"Exam9.2",9,"9.4.1","a3 b2 - b3 diff SE","2.3411","2.335117","0.005983","EXACT","Small SE difference is attributable to lmerTest/SAS Kenward-Roger implementation details.","Extracted pairwise emmeans contrasts for b within a."
"Exam9.2",9,"9.4.1","a3 b2 - b3 diff p","0.9828","0.982805","5e-06","EXACT","Small p-value difference is attributable to lmerTest/SAS Kenward-Roger implementation details.","Extracted pairwise emmeans contrasts for b within a."
"Exam9.3",9,"9.4.1","Step 1 a F","19.14","19.137392","0.002608","EXACT","Matches printed Type I lack-of-fit sequence after using explicit transformed terms to preserve SAS effect order.","Fitted lmerTest model with explicit a2, b2, c2, ab, ac, and bc columns."
"Exam9.3",9,"9.4.1","Step 1 a p","9e-04","0.000905","5e-06","EXACT","Matches printed Type I lack-of-fit sequence after using explicit transformed terms to preserve SAS effect order.","Fitted lmerTest model with explicit a2, b2, c2, ab, ac, and bc columns."
"Exam9.3",9,"9.4.1","Step 1 a*a F","10.33","10.327207","0.002793","EXACT","Matches printed Type I lack-of-fit sequence after using explicit transformed terms to preserve SAS effect order.","Fitted lmerTest model with explicit a2, b2, c2, ab, ac, and bc columns."
"Exam9.3",9,"9.4.1","Step 1 a*a p","0.0488","0.048822","2.2e-05","EXACT","Matches printed Type I lack-of-fit sequence after using explicit transformed terms to preserve SAS effect order.","Fitted lmerTest model with explicit a2, b2, c2, ab, ac, and bc columns."
"Exam9.3",9,"9.4.1","Step 1 b F","21.45","21.445759","0.004241","EXACT","Matches printed Type I lack-of-fit sequence after using explicit transformed terms to preserve SAS effect order.","Fitted lmerTest model with explicit a2, b2, c2, ab, ac, and bc columns."
"Exam9.3",9,"9.4.1","Step 1 b p","6e-04","0.000579","2.1e-05","EXACT","Matches printed Type I lack-of-fit sequence after using explicit transformed terms to preserve SAS effect order.","Fitted lmerTest model with explicit a2, b2, c2, ab, ac, and bc columns."
"Exam9.3",9,"9.4.1","Step 1 a*b F","0.76","0.756899","0.003101","EXACT","Matches printed Type I lack-of-fit sequence after using explicit transformed terms to preserve SAS effect order.","Fitted lmerTest model with explicit a2, b2, c2, ab, ac, and bc columns."
"Exam9.3",9,"9.4.1","Step 1 a*b p","0.4014","0.401369","3.1e-05","EXACT","Matches printed Type I lack-of-fit sequence after using explicit transformed terms to preserve SAS effect order.","Fitted lmerTest model with explicit a2, b2, c2, ab, ac, and bc columns."
"Exam9.3",9,"9.4.1","Step 1 b*b F","16.81","16.808401","0.001599","EXACT","Matches printed Type I lack-of-fit sequence after using explicit transformed terms to preserve SAS effect order.","Fitted lmerTest model with explicit a2, b2, c2, ab, ac, and bc columns."
"Exam9.3",9,"9.4.1","Step 1 b*b p","0.0263","0.026254","4.6e-05","EXACT","Matches printed Type I lack-of-fit sequence after using explicit transformed terms to preserve SAS effect order.","Fitted lmerTest model with explicit a2, b2, c2, ab, ac, and bc columns."
"Exam9.3",9,"9.4.1","Step 1 c F","2.01","2.011681","0.001681","EXACT","Matches printed Type I lack-of-fit sequence after using explicit transformed terms to preserve SAS effect order.","Fitted lmerTest model with explicit a2, b2, c2, ab, ac, and bc columns."
"Exam9.3",9,"9.4.1","Step 1 c p","0.1815","0.181537","3.7e-05","EXACT","Matches printed Type I lack-of-fit sequence after using explicit transformed terms to preserve SAS effect order.","Fitted lmerTest model with explicit a2, b2, c2, ab, ac, and bc columns."
"Exam9.3",9,"9.4.1","Step 1 a*c F","1.03","1.030223","0.000223","EXACT","Matches printed Type I lack-of-fit sequence after using explicit transformed terms to preserve SAS effect order.","Fitted lmerTest model with explicit a2, b2, c2, ab, ac, and bc columns."
"Exam9.3",9,"9.4.1","Step 1 a*c p","0.3301","0.330135","3.5e-05","EXACT","Matches printed Type I lack-of-fit sequence after using explicit transformed terms to preserve SAS effect order.","Fitted lmerTest model with explicit a2, b2, c2, ab, ac, and bc columns."
"Exam9.3",9,"9.4.1","Step 1 b*c F","5.05","5.051248","0.001248","EXACT","Matches printed Type I lack-of-fit sequence after using explicit transformed terms to preserve SAS effect order.","Fitted lmerTest model with explicit a2, b2, c2, ab, ac, and bc columns."
"Exam9.3",9,"9.4.1","Step 1 b*c p","0.0442","0.044196","4e-06","EXACT","Matches printed Type I lack-of-fit sequence after using explicit transformed terms to preserve SAS effect order.","Fitted lmerTest model with explicit a2, b2, c2, ab, ac, and bc columns."
"Exam9.3",9,"9.4.1","Step 1 c*c F","0.7","0.698359","0.001641","EXACT","Matches printed Type I lack-of-fit sequence after using explicit transformed terms to preserve SAS effect order.","Fitted lmerTest model with explicit a2, b2, c2, ab, ac, and bc columns."
"Exam9.3",9,"9.4.1","Step 1 c*c p","0.4647","0.464663","3.7e-05","EXACT","Matches printed Type I lack-of-fit sequence after using explicit transformed terms to preserve SAS effect order.","Fitted lmerTest model with explicit a2, b2, c2, ab, ac, and bc columns."
"Exam9.3",9,"9.4.1","Step 1 aa*bb*cc F","0.22","0.224461","0.004461","EXACT","Matches printed Type I lack-of-fit sequence after using explicit transformed terms to preserve SAS effect order.","Fitted lmerTest model with explicit a2, b2, c2, ab, ac, and bc columns."
"Exam9.3",9,"9.4.1","Step 1 aa*bb*cc p","0.8776","0.877562","3.8e-05","EXACT","Matches printed Type I lack-of-fit sequence after using explicit transformed terms to preserve SAS effect order.","Fitted lmerTest model with explicit a2, b2, c2, ab, ac, and bc columns."
"Exam9.3",9,"9.4.1","Step 2 a F","22.65","22.650691","0.000691","EXACT","Matches printed Type I full response-surface sequence after dropping lack of fit.","Fitted lmerTest reduced model with explicit transformed terms."
"Exam9.3",9,"9.4.1","Step 2 a p","3e-04","0.000253","4.7e-05","EXACT","Matches printed Type I full response-surface sequence after dropping lack of fit.","Fitted lmerTest reduced model with explicit transformed terms."
"Exam9.3",9,"9.4.1","Step 2 a*a F","10.33","10.327207","0.002793","EXACT","Matches printed Type I full response-surface sequence after dropping lack of fit.","Fitted lmerTest reduced model with explicit transformed terms."
"Exam9.3",9,"9.4.1","Step 2 a*a p","0.0488","0.048822","2.2e-05","EXACT","Matches printed Type I full response-surface sequence after dropping lack of fit.","Fitted lmerTest reduced model with explicit transformed terms."
"Exam9.3",9,"9.4.1","Step 2 b F","25.38","25.382834","0.002834","EXACT","Matches printed Type I full response-surface sequence after dropping lack of fit.","Fitted lmerTest reduced model with explicit transformed terms."
"Exam9.3",9,"9.4.1","Step 2 b p","1e-04","0.000147","4.7e-05","EXACT","Matches printed Type I full response-surface sequence after dropping lack of fit.","Fitted lmerTest reduced model with explicit transformed terms."
"Exam9.3",9,"9.4.1","Step 2 a*b F","0.9","0.895853","0.004147","EXACT","Matches printed Type I full response-surface sequence after dropping lack of fit.","Fitted lmerTest reduced model with explicit transformed terms."
"Exam9.3",9,"9.4.1","Step 2 a*b p","0.3589","0.358895","5e-06","EXACT","Matches printed Type I full response-surface sequence after dropping lack of fit.","Fitted lmerTest reduced model with explicit transformed terms."
"Exam9.3",9,"9.4.1","Step 2 b*b F","16.81","16.808401","0.001599","EXACT","Matches printed Type I full response-surface sequence after dropping lack of fit.","Fitted lmerTest reduced model with explicit transformed terms."
"Exam9.3",9,"9.4.1","Step 2 b*b p","0.0263","0.026254","4.6e-05","EXACT","Matches printed Type I full response-surface sequence after dropping lack of fit.","Fitted lmerTest reduced model with explicit transformed terms."
"Exam9.3",9,"9.4.1","Step 2 c F","2.38","2.380991","0.000991","EXACT","Matches printed Type I full response-surface sequence after dropping lack of fit.","Fitted lmerTest reduced model with explicit transformed terms."
"Exam9.3",9,"9.4.1","Step 2 c p","0.1437","0.143651","4.9e-05","EXACT","Matches printed Type I full response-surface sequence after dropping lack of fit.","Fitted lmerTest reduced model with explicit transformed terms."
"Exam9.3",9,"9.4.1","Step 2 a*c F","1.22","1.219355","0.000645","EXACT","Matches printed Type I full response-surface sequence after dropping lack of fit.","Fitted lmerTest reduced model with explicit transformed terms."
"Exam9.3",9,"9.4.1","Step 2 a*c p","0.2869","0.286887","1.3e-05","EXACT","Matches printed Type I full response-surface sequence after dropping lack of fit.","Fitted lmerTest reduced model with explicit transformed terms."
"Exam9.3",9,"9.4.1","Step 2 b*c F","5.98","5.978571","0.001429","EXACT","Matches printed Type I full response-surface sequence after dropping lack of fit.","Fitted lmerTest reduced model with explicit transformed terms."
"Exam9.3",9,"9.4.1","Step 2 b*c p","0.0273","0.027302","2e-06","EXACT","Matches printed Type I full response-surface sequence after dropping lack of fit.","Fitted lmerTest reduced model with explicit transformed terms."
"Exam9.3",9,"9.4.1","Step 2 c*c F","0.7","0.698359","0.001641","EXACT","Matches printed Type I full response-surface sequence after dropping lack of fit.","Fitted lmerTest reduced model with explicit transformed terms."
"Exam9.3",9,"9.4.1","Step 2 c*c p","0.4647","0.464663","3.7e-05","EXACT","Matches printed Type I full response-surface sequence after dropping lack of fit.","Fitted lmerTest reduced model with explicit transformed terms."
"Exam9.3",9,"9.4.1","Step 3 block VC","0.6776","0.677572","2.8e-05","EXACT","Matches printed reduced response-surface covariance parameter estimate.","Fitted lmerTest reduced response-surface model."
"Exam9.3",9,"9.4.1","Step 3 residual variance","1.8206","1.820588","1.2e-05","EXACT","Matches printed reduced response-surface covariance parameter estimate.","Fitted lmerTest reduced response-surface model."
"Exam9.3",9,"9.4.1","Step 3 Intercept coefficient","50.085","50.085","0","EXACT","Matches printed reduced response-surface fixed-effect solution.","Extracted lmerTest coefficient table."
"Exam9.3",9,"9.4.1","Step 3 Intercept coefficient SE","0.8244","0.824398","2e-06","EXACT","Matches printed reduced response-surface fixed-effect standard error.","Extracted lmerTest coefficient table."
"Exam9.3",9,"9.4.1","Step 3 a coefficient","1.6","1.6","0","EXACT","Matches printed reduced response-surface fixed-effect solution.","Extracted lmerTest coefficient table."
"Exam9.3",9,"9.4.1","Step 3 a coefficient SE","0.3373","0.337323","2.3e-05","EXACT","Matches printed reduced response-surface fixed-effect standard error.","Extracted lmerTest coefficient table."
"Exam9.3",9,"9.4.1","Step 3 a*a coefficient","-3.3025","-3.3025","0","EXACT","Matches printed reduced response-surface fixed-effect solution.","Extracted lmerTest coefficient table."
"Exam9.3",9,"9.4.1","Step 3 a*a coefficient SE","0.8244","0.824398","2e-06","EXACT","Matches printed reduced response-surface fixed-effect standard error.","Extracted lmerTest coefficient table."
"Exam9.3",9,"9.4.1","Step 3 b coefficient","1.6938","1.69375","5e-05","EXACT","Matches printed reduced response-surface fixed-effect solution.","Extracted lmerTest coefficient table."
"Exam9.3",9,"9.4.1","Step 3 b coefficient SE","0.3373","0.337323","2.3e-05","EXACT","Matches printed reduced response-surface fixed-effect standard error.","Extracted lmerTest coefficient table."
"Exam9.3",9,"9.4.1","Step 3 b*b coefficient","-3.515","-3.515","0","EXACT","Matches printed reduced response-surface fixed-effect solution.","Extracted lmerTest coefficient table."
"Exam9.3",9,"9.4.1","Step 3 b*b coefficient SE","0.8244","0.824398","2e-06","EXACT","Matches printed reduced response-surface fixed-effect standard error.","Extracted lmerTest coefficient table."
"Exam9.3",9,"9.4.1","Step 3 c coefficient","0.5188","0.51875","5e-05","EXACT","Matches printed reduced response-surface fixed-effect solution.","Extracted lmerTest coefficient table."
"Exam9.3",9,"9.4.1","Step 3 c coefficient SE","0.3373","0.337323","2.3e-05","EXACT","Matches printed reduced response-surface fixed-effect standard error.","Extracted lmerTest coefficient table."
"Exam9.3",9,"9.4.1","Step 3 b*c coefficient","-1.1625","-1.1625","0","EXACT","Matches printed reduced response-surface fixed-effect solution.","Extracted lmerTest coefficient table."
"Exam9.3",9,"9.4.1","Step 3 b*c coefficient SE","0.477","0.477047","4.7e-05","EXACT","Matches printed reduced response-surface fixed-effect standard error.","Extracted lmerTest coefficient table."
"Exam9.4",9,"9.5.1","Bounded Intercept Block VC","3.6346","3.634552","4.8e-05","EXACT","Matches the printed bounded variance-component fit where lme4 constrains variance components to be nonnegative.","Fitted lmerTest model corresponding to the bounded GLIMMIX fit."
"Exam9.4",9,"9.5.1","Bounded a Block VC","0","0","0","EXACT","Matches the printed bounded variance-component fit where lme4 constrains variance components to be nonnegative.","Fitted lmerTest model corresponding to the bounded GLIMMIX fit."
"Exam9.4",9,"9.5.1","Bounded b Block VC","8.2437","8.243673","2.7e-05","EXACT","Matches the printed bounded variance-component fit where lme4 constrains variance components to be nonnegative.","Fitted lmerTest model corresponding to the bounded GLIMMIX fit."
"Exam9.4",9,"9.5.1","Bounded residual variance","10.2151","10.215148","4.8e-05","EXACT","Matches the printed bounded variance-component fit where lme4 constrains variance components to be nonnegative.","Fitted lmerTest model corresponding to the bounded GLIMMIX fit."
"Exam9.4",9,"9.5.1","Bounded a F","4.86","4.714756","0.145244","MISMATCH","R/SAS Kenward-Roger difference under a boundary variance component; retained mismatch where it exceeds tolerance.","Fitted bounded lmerTest model; lme4 cannot reproduce SAS NOBOUND negative variance fits."
"Exam9.4",9,"9.5.1","Bounded a p","0.0247","0.056371","0.031671","APPROX","R/SAS Kenward-Roger difference under a boundary variance component; retained mismatch where it exceeds tolerance.","Fitted bounded lmerTest model; lme4 cannot reproduce SAS NOBOUND negative variance fits."
"Exam9.4",9,"9.5.1","Bounded b F","17.14","17.239067","0.099067","MISMATCH","R/SAS Kenward-Roger difference under a boundary variance component; retained mismatch where it exceeds tolerance.","Fitted bounded lmerTest model; lme4 cannot reproduce SAS NOBOUND negative variance fits."
"Exam9.4",9,"9.5.1","Bounded b p","8e-04","0.00077","3e-05","EXACT","R/SAS Kenward-Roger difference under a boundary variance component; retained mismatch where it exceeds tolerance.","Fitted bounded lmerTest model; lme4 cannot reproduce SAS NOBOUND negative variance fits."
"Exam9.4",9,"9.5.1","Bounded a:b F","3.86","3.058034","0.801966","MISMATCH","R/SAS Kenward-Roger difference under a boundary variance component; retained mismatch where it exceeds tolerance.","Fitted bounded lmerTest model; lme4 cannot reproduce SAS NOBOUND negative variance fits."
"Exam9.4",9,"9.5.1","Bounded a:b p","0.0235","0.061988","0.038488","APPROX","R/SAS Kenward-Roger difference under a boundary variance component; retained mismatch where it exceeds tolerance.","Fitted bounded lmerTest model; lme4 cannot reproduce SAS NOBOUND negative variance fits."
"Exam9.4",9,"9.5.1","NOBOUND Intercept Block VC = 7.8469","printed by SAS GLIMMIX NOBOUND","not available","","UNVERIF","Software limitation: lme4/lmerTest constrain variance components to the nonnegative parameter space and do not implement SAS GLIMMIX NOBOUND.","Documented as UNVERIF rather than replacing the negative variance fit with the bounded model."
"Exam9.4",9,"9.5.1","NOBOUND a Block VC = -6.5950","printed by SAS GLIMMIX NOBOUND","not available","","UNVERIF","Software limitation: lme4/lmerTest constrain variance components to the nonnegative parameter space and do not implement SAS GLIMMIX NOBOUND.","Documented as UNVERIF rather than replacing the negative variance fit with the bounded model."
"Exam9.4",9,"9.5.1","NOBOUND b Block VC = 2.6751","printed by SAS GLIMMIX NOBOUND","not available","","UNVERIF","Software limitation: lme4/lmerTest constrain variance components to the nonnegative parameter space and do not implement SAS GLIMMIX NOBOUND.","Documented as UNVERIF rather than replacing the negative variance fit with the bounded model."
"Exam9.4",9,"9.5.1","NOBOUND residual variance = 17.5683","printed by SAS GLIMMIX NOBOUND","not available","","UNVERIF","Software limitation: lme4/lmerTest constrain variance components to the nonnegative parameter space and do not implement SAS GLIMMIX NOBOUND.","Documented as UNVERIF rather than replacing the negative variance fit with the bounded model."
"Exam10.1",10,"10.2.1","A random-effect VC","5.5114","5.511402","2e-06","EXACT","Matches printed one-way random-effects variance component.","Fitted lmerTest::lmer(y ~ 1 + (1 | a))."
"Exam10.1",10,"10.2.1","Residual variance","1.5308","1.530833","3.3e-05","EXACT","Matches printed one-way random-effects residual variance.","Fitted lmerTest::lmer(y ~ 1 + (1 | a))."
"Exam10.1",10,"10.2.1","Overall mean random-effects estimate","15.9","15.9","0","EXACT","Matches printed random-effects broad-inference overall mean.","Extracted emmeans::emmeans(fit, ~ 1)."
"Exam10.1",10,"10.2.1","Overall mean random-effects SE","0.7232","0.723235","3.5e-05","EXACT","Matches printed random-effects broad-inference overall mean standard error.","Extracted emmeans::emmeans(fit, ~ 1)."
"Exam10.1",10,"10.2.1","Overall mean fixed-effects estimate","15.9","15.9","0","EXACT","Matches printed fixed-effects narrow-inference overall mean.","Extracted emmeans::emmeans(fixed_fit, ~ 1)."
"Exam10.1",10,"10.2.1","Overall mean fixed-effects SE","0.2526","0.252556","4.4e-05","EXACT","Matches printed fixed-effects narrow-inference overall mean standard error.","Extracted emmeans::emmeans(fixed_fit, ~ 1)."
"Exam10.1",10,"10.2.1","Table 10.1 a1 fixed mean","16.15","16.15","0","EXACT","Matches Table 10.1 fixed-effect treatment mean.","Extracted emmeans::emmeans(fixed_fit, ~ a)."
"Exam10.1",10,"10.2.1","Table 10.1 a1 fixed mean SE","0.87488","0.874881","1e-06","EXACT","Matches Table 10.1 fixed-effect treatment mean standard error.","Extracted emmeans::emmeans(fixed_fit, ~ a)."
"Exam10.1",10,"10.2.1","Table 10.1 a1 BLUP","16.1195","16.119514","1.4e-05","EXACT","Matches Table 10.1 one-way random-effect BLUP.","Extracted lme4::ranef and added the fixed intercept."
"Exam10.1",10,"10.2.1","Table 10.1 a2 fixed mean","17.35","17.35","0","EXACT","Matches Table 10.1 fixed-effect treatment mean.","Extracted emmeans::emmeans(fixed_fit, ~ a)."
"Exam10.1",10,"10.2.1","Table 10.1 a2 fixed mean SE","0.87488","0.874881","1e-06","EXACT","Matches Table 10.1 fixed-effect treatment mean standard error.","Extracted emmeans::emmeans(fixed_fit, ~ a)."
"Exam10.1",10,"10.2.1","Table 10.1 a2 BLUP","17.1732","17.173182","1.8e-05","EXACT","Matches Table 10.1 one-way random-effect BLUP.","Extracted lme4::ranef and added the fixed intercept."
"Exam10.1",10,"10.2.1","Table 10.1 a3 fixed mean","12.15","12.15","0","EXACT","Matches Table 10.1 fixed-effect treatment mean.","Extracted emmeans::emmeans(fixed_fit, ~ a)."
"Exam10.1",10,"10.2.1","Table 10.1 a3 fixed mean SE","0.87488","0.874881","1e-06","EXACT","Matches Table 10.1 fixed-effect treatment mean standard error.","Extracted emmeans::emmeans(fixed_fit, ~ a)."
"Exam10.1",10,"10.2.1","Table 10.1 a3 BLUP","12.6073","12.607288","1.2e-05","EXACT","Matches Table 10.1 one-way random-effect BLUP.","Extracted lme4::ranef and added the fixed intercept."
"Exam10.1",10,"10.2.1","Table 10.1 a4 fixed mean","16.35","16.35","0","EXACT","Matches Table 10.1 fixed-effect treatment mean.","Extracted emmeans::emmeans(fixed_fit, ~ a)."
"Exam10.1",10,"10.2.1","Table 10.1 a4 fixed mean SE","0.87488","0.874881","1e-06","EXACT","Matches Table 10.1 fixed-effect treatment mean standard error.","Extracted emmeans::emmeans(fixed_fit, ~ a)."
"Exam10.1",10,"10.2.1","Table 10.1 a4 BLUP","16.2951","16.295125","2.5e-05","EXACT","Matches Table 10.1 one-way random-effect BLUP.","Extracted lme4::ranef and added the fixed intercept."
"Exam10.1",10,"10.2.1","Table 10.1 a5 fixed mean","14.4","14.4","0","EXACT","Matches Table 10.1 fixed-effect treatment mean.","Extracted emmeans::emmeans(fixed_fit, ~ a)."
"Exam10.1",10,"10.2.1","Table 10.1 a5 fixed mean SE","0.87488","0.874881","1e-06","EXACT","Matches Table 10.1 fixed-effect treatment mean standard error.","Extracted emmeans::emmeans(fixed_fit, ~ a)."
"Exam10.1",10,"10.2.1","Table 10.1 a5 BLUP","14.5829","14.582915","1.5e-05","EXACT","Matches Table 10.1 one-way random-effect BLUP.","Extracted lme4::ranef and added the fixed intercept."
"Exam10.1",10,"10.2.1","Table 10.1 a6 fixed mean","17.85","17.85","0","EXACT","Matches Table 10.1 fixed-effect treatment mean.","Extracted emmeans::emmeans(fixed_fit, ~ a)."
"Exam10.1",10,"10.2.1","Table 10.1 a6 fixed mean SE","0.87488","0.874881","1e-06","EXACT","Matches Table 10.1 fixed-effect treatment mean standard error.","Extracted emmeans::emmeans(fixed_fit, ~ a)."
"Exam10.1",10,"10.2.1","Table 10.1 a6 BLUP","17.6122","17.61221","1e-05","EXACT","Matches Table 10.1 one-way random-effect BLUP.","Extracted lme4::ranef and added the fixed intercept."
"Exam10.1",10,"10.2.1","Table 10.1 a7 fixed mean","20.05","20.05","0","EXACT","Matches Table 10.1 fixed-effect treatment mean.","Extracted emmeans::emmeans(fixed_fit, ~ a)."
"Exam10.1",10,"10.2.1","Table 10.1 a7 fixed mean SE","0.87488","0.874881","1e-06","EXACT","Matches Table 10.1 fixed-effect treatment mean standard error.","Extracted emmeans::emmeans(fixed_fit, ~ a)."
"Exam10.1",10,"10.2.1","Table 10.1 a7 BLUP","19.5439","19.543935","3.5e-05","EXACT","Matches Table 10.1 one-way random-effect BLUP.","Extracted lme4::ranef and added the fixed intercept."
"Exam10.1",10,"10.2.1","Table 10.1 a8 fixed mean","18.4","18.4","0","EXACT","Matches Table 10.1 fixed-effect treatment mean.","Extracted emmeans::emmeans(fixed_fit, ~ a)."
"Exam10.1",10,"10.2.1","Table 10.1 a8 fixed mean SE","0.87488","0.874881","1e-06","EXACT","Matches Table 10.1 fixed-effect treatment mean standard error.","Extracted emmeans::emmeans(fixed_fit, ~ a)."
"Exam10.1",10,"10.2.1","Table 10.1 a8 BLUP","18.0951","18.095141","4.1e-05","EXACT","Matches Table 10.1 one-way random-effect BLUP.","Extracted lme4::ranef and added the fixed intercept."
"Exam10.1",10,"10.2.1","Table 10.1 a9 fixed mean","17.5","17.5","0","EXACT","Matches Table 10.1 fixed-effect treatment mean.","Extracted emmeans::emmeans(fixed_fit, ~ a)."
"Exam10.1",10,"10.2.1","Table 10.1 a9 fixed mean SE","0.87488","0.874881","1e-06","EXACT","Matches Table 10.1 fixed-effect treatment mean standard error.","Extracted emmeans::emmeans(fixed_fit, ~ a)."
"Exam10.1",10,"10.2.1","Table 10.1 a9 BLUP","17.3049","17.304891","9e-06","EXACT","Matches Table 10.1 one-way random-effect BLUP.","Extracted lme4::ranef and added the fixed intercept."
"Exam10.1",10,"10.2.1","Table 10.1 a10 fixed mean","12.6","12.6","0","EXACT","Matches Table 10.1 fixed-effect treatment mean.","Extracted emmeans::emmeans(fixed_fit, ~ a)."
"Exam10.1",10,"10.2.1","Table 10.1 a10 fixed mean SE","0.87488","0.874881","1e-06","EXACT","Matches Table 10.1 fixed-effect treatment mean standard error.","Extracted emmeans::emmeans(fixed_fit, ~ a)."
"Exam10.1",10,"10.2.1","Table 10.1 a10 BLUP","13.0024","13.002413","1.3e-05","EXACT","Matches Table 10.1 one-way random-effect BLUP.","Extracted lme4::ranef and added the fixed intercept."
"Exam10.1",10,"10.2.1","Table 10.1 a11 fixed mean","12.9","12.9","0","EXACT","Matches Table 10.1 fixed-effect treatment mean.","Extracted emmeans::emmeans(fixed_fit, ~ a)."
"Exam10.1",10,"10.2.1","Table 10.1 a11 fixed mean SE","0.87488","0.874881","1e-06","EXACT","Matches Table 10.1 fixed-effect treatment mean standard error.","Extracted emmeans::emmeans(fixed_fit, ~ a)."
"Exam10.1",10,"10.2.1","Table 10.1 a11 BLUP","13.2658","13.26583","3e-05","EXACT","Matches Table 10.1 one-way random-effect BLUP.","Extracted lme4::ranef and added the fixed intercept."
"Exam10.1",10,"10.2.1","Table 10.1 a12 fixed mean","15.1","15.1","0","EXACT","Matches Table 10.1 fixed-effect treatment mean.","Extracted emmeans::emmeans(fixed_fit, ~ a)."
"Exam10.1",10,"10.2.1","Table 10.1 a12 fixed mean SE","0.87488","0.874881","1e-06","EXACT","Matches Table 10.1 fixed-effect treatment mean standard error.","Extracted emmeans::emmeans(fixed_fit, ~ a)."
"Exam10.1",10,"10.2.1","Table 10.1 a12 BLUP","15.1976","15.197555","4.5e-05","EXACT","Matches Table 10.1 one-way random-effect BLUP.","Extracted lme4::ranef and added the fixed intercept."
"Exam10.1",10,"10.2.1","Table 10.1 BLUP SE values","0.82453 for each A level","not available","","UNVERIF","Software limitation: lme4 does not directly report SAS GLIMMIX ESTIMATE standard errors for predictable functions.","BLUP point estimates are verified; BLUP SE values are documented as unavailable in the current R workflow."
"Exam10.2",10,"10.2.2.1","A random-effect VC","2.1917","2.191696","4e-06","EXACT","Matches the balanced nested random-effects variance component inferred from printed standard errors.","Fitted lmerTest::lmer(y ~ 1 + (1 | a / b))."
"Exam10.2",10,"10.2.2.1","B(A) random-effect VC","0.7704","0.770357","4.3e-05","EXACT","Matches the balanced nested random-effects variance component inferred from printed standard errors.","Fitted lmerTest::lmer(y ~ 1 + (1 | a / b))."
"Exam10.2",10,"10.2.2.1","Residual variance","1.3614","1.361429","2.9e-05","EXACT","Matches the balanced nested random-effects residual variance inferred from printed standard errors.","Fitted lmerTest::lmer(y ~ 1 + (1 | a / b))."
"Exam10.2",10,"10.2.2.1","Overall mean random-effects estimate","19.2571","19.257143","4.3e-05","EXACT","Matches printed balanced nested random-effects overall mean.","Extracted emmeans::emmeans(fit, ~ 1)."
"Exam10.2",10,"10.2.2.1","Overall mean random-effects SE","0.6456","0.64556","4e-05","EXACT","Matches printed balanced nested random-effects overall mean standard error.","Extracted emmeans::emmeans(fit, ~ 1)."
"Exam10.2",10,"10.2.2.1","Overall mean fixed-effects estimate","19.2571","19.257143","4.3e-05","EXACT","Matches printed balanced nested fixed-effects overall mean.","Extracted emmeans::emmeans(fixed_fit, ~ 1)."
"Exam10.2",10,"10.2.2.1","Overall mean fixed-effects SE","0.2205","0.220505","5e-06","EXACT","Matches printed balanced nested fixed-effects overall mean standard error.","Extracted emmeans::emmeans(fixed_fit, ~ 1)."
"Exam10.2",10,"10.2.2.1","Table 10.4 a1 fixed mean","17.2","17.2","0","EXACT","Matches Table 10.4 fixed-effect A mean.","Extracted emmeans::emmeans(fixed_fit, ~ a)."
"Exam10.2",10,"10.2.2.1","Table 10.4 a1 fixed mean SE","0.5834","0.583401","1e-06","EXACT","Matches Table 10.4 fixed-effect A mean standard error.","Extracted emmeans::emmeans(fixed_fit, ~ a)."
"Exam10.2",10,"10.2.2.1","Table 10.4 a1 broad BLUP","17.7116","17.711626","2.6e-05","EXACT","Matches Table 10.4 broad-inference A BLUP.","Extracted lme4::ranef for A and added the fixed intercept."
"Exam10.2",10,"10.2.2.1","Table 10.4 a2 fixed mean","19.375","19.375","0","EXACT","Matches Table 10.4 fixed-effect A mean.","Extracted emmeans::emmeans(fixed_fit, ~ a)."
"Exam10.2",10,"10.2.2.1","Table 10.4 a2 fixed mean SE","0.5834","0.583401","1e-06","EXACT","Matches Table 10.4 fixed-effect A mean standard error.","Extracted emmeans::emmeans(fixed_fit, ~ a)."
"Exam10.2",10,"10.2.2.1","Table 10.4 a2 broad BLUP","19.3457","19.345688","1.2e-05","EXACT","Matches Table 10.4 broad-inference A BLUP.","Extracted lme4::ranef for A and added the fixed intercept."
"Exam10.2",10,"10.2.2.1","Table 10.4 a3 fixed mean","19.3","19.3","0","EXACT","Matches Table 10.4 fixed-effect A mean.","Extracted emmeans::emmeans(fixed_fit, ~ a)."
"Exam10.2",10,"10.2.2.1","Table 10.4 a3 fixed mean SE","0.5834","0.583401","1e-06","EXACT","Matches Table 10.4 fixed-effect A mean standard error.","Extracted emmeans::emmeans(fixed_fit, ~ a)."
"Exam10.2",10,"10.2.2.1","Table 10.4 a3 broad BLUP","19.2893","19.289341","4.1e-05","EXACT","Matches Table 10.4 broad-inference A BLUP.","Extracted lme4::ranef for A and added the fixed intercept."
"Exam10.2",10,"10.2.2.1","Table 10.4 a4 fixed mean","19.15","19.15","0","EXACT","Matches Table 10.4 fixed-effect A mean.","Extracted emmeans::emmeans(fixed_fit, ~ a)."
"Exam10.2",10,"10.2.2.1","Table 10.4 a4 fixed mean SE","0.5834","0.583401","1e-06","EXACT","Matches Table 10.4 fixed-effect A mean standard error.","Extracted emmeans::emmeans(fixed_fit, ~ a)."
"Exam10.2",10,"10.2.2.1","Table 10.4 a4 broad BLUP","19.1766","19.176647","4.7e-05","EXACT","Matches Table 10.4 broad-inference A BLUP.","Extracted lme4::ranef for A and added the fixed intercept."
"Exam10.2",10,"10.2.2.1","Table 10.4 a5 fixed mean","20.05","20.05","0","EXACT","Matches Table 10.4 fixed-effect A mean.","Extracted emmeans::emmeans(fixed_fit, ~ a)."
"Exam10.2",10,"10.2.2.1","Table 10.4 a5 fixed mean SE","0.5834","0.583401","1e-06","EXACT","Matches Table 10.4 fixed-effect A mean standard error.","Extracted emmeans::emmeans(fixed_fit, ~ a)."
"Exam10.2",10,"10.2.2.1","Table 10.4 a5 broad BLUP","19.8528","19.852811","1.1e-05","EXACT","Matches Table 10.4 broad-inference A BLUP.","Extracted lme4::ranef for A and added the fixed intercept."
"Exam10.2",10,"10.2.2.1","Table 10.4 a6 fixed mean","22.3","22.3","0","EXACT","Matches Table 10.4 fixed-effect A mean.","Extracted emmeans::emmeans(fixed_fit, ~ a)."
"Exam10.2",10,"10.2.2.1","Table 10.4 a6 fixed mean SE","0.5834","0.583401","1e-06","EXACT","Matches Table 10.4 fixed-effect A mean standard error.","Extracted emmeans::emmeans(fixed_fit, ~ a)."
"Exam10.2",10,"10.2.2.1","Table 10.4 a6 broad BLUP","21.5432","21.54322","2e-05","EXACT","Matches Table 10.4 broad-inference A BLUP.","Extracted lme4::ranef for A and added the fixed intercept."
"Exam10.2",10,"10.2.2.1","Table 10.4 a7 fixed mean","17.425","17.425","0","EXACT","Matches Table 10.4 fixed-effect A mean.","Extracted emmeans::emmeans(fixed_fit, ~ a)."
"Exam10.2",10,"10.2.2.1","Table 10.4 a7 fixed mean SE","0.5834","0.583401","1e-06","EXACT","Matches Table 10.4 fixed-effect A mean standard error.","Extracted emmeans::emmeans(fixed_fit, ~ a)."
"Exam10.2",10,"10.2.2.1","Table 10.4 a7 broad BLUP","17.8807","17.880667","3.3e-05","EXACT","Matches Table 10.4 broad-inference A BLUP.","Extracted lme4::ranef for A and added the fixed intercept."
"Exam10.2",10,"10.2.2.1","Table 10.4 and 10.5 BLUP SE values","0.75556 naive and 0.87313 KR broad BLUP SEs; 0.55346/0.58201 narrow BLUP SEs","not available","","UNVERIF","Software limitation: lme4/lmerTest do not directly report SAS GLIMMIX ESTIMATE standard errors for broad and narrow predictable functions.","BLUP point estimates and fixed-effect means are verified; BLUP SE values are documented as unavailable in the current R workflow."
"Exam10.4",10,"10.3.1","B random-effect VC","4.0237","4.023695","5e-06","EXACT","Matches printed mixed-model covariance parameter estimate.","Fitted lmerTest::lmer(y ~ a + (1 | b) + (1 | b:a))."
"Exam10.4",10,"10.3.1","A:B random-effect VC","6.2562","6.256303","0.000103","EXACT","Matches printed mixed-model covariance parameter estimate.","Fitted lmerTest::lmer(y ~ a + (1 | b) + (1 | b:a))."
"Exam10.4",10,"10.3.1","Residual variance","3.6472","3.647172","2.8e-05","EXACT","Matches printed mixed-model covariance parameter estimate.","Fitted lmerTest::lmer(y ~ a + (1 | b) + (1 | b:a))."
"Exam10.4",10,"10.3.1","A fixed-effect F","3.2","3.203343","0.003343","EXACT","Matches printed treatment fixed-effect test.","Extracted Kenward-Roger ANOVA from lmerTest."
"Exam10.4",10,"10.3.1","A fixed-effect p","0.1166","0.116614","1.4e-05","EXACT","Matches printed treatment fixed-effect test.","Extracted Kenward-Roger ANOVA from lmerTest."
"Exam10.4",10,"10.3.1","a1 LSMean","14.8188","14.81875","5e-05","EXACT","Matches printed treatment least-squares mean.","Extracted emmeans::emmeans(fit, ~ a)."
"Exam10.4",10,"10.3.1","a1 LSMean SE","1.23","1.230019","1.9e-05","EXACT","Matches printed treatment least-squares mean standard error.","Extracted emmeans::emmeans(fit, ~ a)."
"Exam10.4",10,"10.3.1","a2 LSMean","12.275","12.275","0","EXACT","Matches printed treatment least-squares mean.","Extracted emmeans::emmeans(fit, ~ a)."
"Exam10.4",10,"10.3.1","a2 LSMean SE","1.23","1.230019","1.9e-05","EXACT","Matches printed treatment least-squares mean standard error.","Extracted emmeans::emmeans(fit, ~ a)."
"Exam10.4",10,"10.3.1","a1 - a2 LSMean diff","2.5437","2.54375","5e-05","EXACT","Matches printed treatment LSMean difference.","Extracted emmeans::pairs."
"Exam10.4",10,"10.3.1","a1 - a2 LSMean diff SE","1.4212","1.421257","5.7e-05","EXACT","Matches printed treatment LSMean difference standard error.","Extracted emmeans::pairs."
"Exam10.4",10,"10.3.1","a1 - a2 LSMean diff p","0.1166","0.116614","1.4e-05","EXACT","Matches printed treatment LSMean difference p-value.","Extracted emmeans::pairs."
"Exam10.4",10,"10.3.1","BLUP diff at b1","3.168","3.168034","3.4e-05","EXACT","Matches printed B-specific treatment-difference BLUP.","Extracted lme4::ranef values and evaluated the predictable function."
"Exam10.4",10,"10.3.1","BLUP diff at b2","1.4259","1.425846","5.4e-05","EXACT","Matches printed B-specific treatment-difference BLUP.","Extracted lme4::ranef values and evaluated the predictable function."
"Exam10.4",10,"10.3.1","BLUP diff at b3","0.8451","0.845117","1.7e-05","EXACT","Matches printed B-specific treatment-difference BLUP.","Extracted lme4::ranef values and evaluated the predictable function."
"Exam10.4",10,"10.3.1","BLUP diff at b4","3.2067","3.206749","4.9e-05","EXACT","Matches printed B-specific treatment-difference BLUP.","Extracted lme4::ranef values and evaluated the predictable function."
"Exam10.4",10,"10.3.1","BLUP diff at b5","7.0395","7.039562","6.2e-05","EXACT","Matches printed B-specific treatment-difference BLUP.","Extracted lme4::ranef values and evaluated the predictable function."
"Exam10.4",10,"10.3.1","BLUP diff at b6","1.3484","1.348416","1.6e-05","EXACT","Matches printed B-specific treatment-difference BLUP.","Extracted lme4::ranef values and evaluated the predictable function."
"Exam10.4",10,"10.3.1","BLUP diff at b7","-2.7941","-2.794119","1.9e-05","EXACT","Matches printed B-specific treatment-difference BLUP.","Extracted lme4::ranef values and evaluated the predictable function."
"Exam10.4",10,"10.3.1","BLUP diff at b8","6.1104","6.110395","5e-06","EXACT","Matches printed B-specific treatment-difference BLUP.","Extracted lme4::ranef values and evaluated the predictable function."
"Exam10.4",10,"10.3.1","b1,4,5,8 a1 BLUP","15.4525","15.452541","4.1e-05","EXACT","Matches printed grouped-location BLUP predictable function.","Extracted lme4::ranef values and averaged the requested B levels."
"Exam10.4",10,"10.3.1","b1,4,5,8 a2 BLUP","10.5714","10.571356","4.4e-05","EXACT","Matches printed grouped-location BLUP predictable function.","Extracted lme4::ranef values and averaged the requested B levels."
"Exam10.4",10,"10.3.1","b1,4,5,8 diff BLUP","4.8812","4.881185","1.5e-05","EXACT","Matches printed grouped-location BLUP predictable function.","Extracted lme4::ranef values and averaged the requested B levels."
"Exam10.4",10,"10.3.1","b2,3,6,7 a1 BLUP","14.185","14.184959","4.1e-05","EXACT","Matches printed grouped-location BLUP predictable function.","Extracted lme4::ranef values and averaged the requested B levels."
"Exam10.4",10,"10.3.1","b2,3,6,7 a2 BLUP","13.9786","13.978644","4.4e-05","EXACT","Matches printed grouped-location BLUP predictable function.","Extracted lme4::ranef values and averaged the requested B levels."
"Exam10.4",10,"10.3.1","b2,3,6,7 diff BLUP","0.2063","0.206315","1.5e-05","EXACT","Matches printed grouped-location BLUP predictable function.","Extracted lme4::ranef values and averaged the requested B levels."
"Exam10.4",10,"10.3.1","BLUP predictable-function SE values","1.2463, 1.7108, 0.6460, and 0.8994 as printed for selected BLUPs","not available","","UNVERIF","Software limitation: lme4/lmerTest do not directly report SAS GLIMMIX ESTIMATE standard errors for location-specific predictable functions.","Treatment means, differences, and BLUP point estimates are verified; BLUP SE values are documented as unavailable in the current R workflow."
